"","Level_1.chr","Level_1.start","Level_1.end","Level_1.Level"
"1",4,10000,70000,1
"2",4,70000,230000,1
"3",4,230000,380000,1
"4",4,380000,500000,1
"5",4,500000,670000,1
"6",4,670000,760000,1
"7",4,760000,900000,1
"8",4,900000,1010000,1
"9",4,1010000,1120000,1
"10",4,1120000,1240000,1
"11",4,1240000,1340000,1
"12",4,1340000,1430000,1
"13",4,1470000,1640000,1
"14",4,1640000,1730000,1
"15",4,1730000,1860000,1
"16",4,1860000,1980000,1
"17",4,1980000,2180000,1
"18",4,2180000,2260000,1
"19",4,2260000,2420000,1
"20",4,2420000,2540000,1
"21",4,2540000,2680000,1
"22",4,2680000,2760000,1
"23",4,2760000,2940000,1
"24",4,2940000,3050000,1
"25",4,3050000,3200000,1
"26",4,3200000,3300000,1
"27",4,3300000,3480000,1
"28",4,3480000,3570000,1
"29",4,3570000,3690000,1
"30",4,3690000,3770000,1
"31",4,3770000,3880000,1
"32",4,3880000,3960000,1
"33",4,3960000,4110000,1
"34",4,4110000,4160000,1
"35",4,4160000,4250000,1
"36",4,4250000,4350000,1
"37",4,4350000,4490000,1
"38",4,4490000,4620000,1
"39",4,4620000,4780000,1
"40",4,4780000,4880000,1
"41",4,4880000,4960000,1
"42",4,4960000,5070000,1
"43",4,5070000,5190000,1
"44",4,5190000,5330000,1
"45",4,5330000,5470000,1
"46",4,5470000,5590000,1
"47",4,5590000,5710000,1
"48",4,5710000,5810000,1
"49",4,5810000,5990000,1
"50",4,5990000,6130000,1
"51",4,6130000,6240000,1
"52",4,6240000,6330000,1
"53",4,6330000,6550000,1
"54",4,6550000,6720000,1
"55",4,6720000,6880000,1
"56",4,6880000,7080000,1
"57",4,7080000,7190000,1
"58",4,7190000,7330000,1
"59",4,7330000,7470000,1
"60",4,7470000,7620000,1
"61",4,7620000,7800000,1
"62",4,7800000,7990000,1
"63",4,7990000,8170000,1
"64",4,8170000,8250000,1
"65",4,8250000,8430000,1
"66",4,8430000,8600000,1
"67",4,8600000,8670000,1
"68",4,8680000,8840000,1
"69",4,8840000,8940000,1
"70",4,8940000,9010000,1
"71",4,9010000,9100000,1
"72",4,9140000,9330000,1
"73",4,9370000,9440000,1
"74",4,9440000,9510000,1
"75",4,9510000,9680000,1
"76",4,9680000,9770000,1
"77",4,9770000,9880000,1
"78",4,9880000,10020000,1
"79",4,10020000,10120000,1
"80",4,10120000,10190000,1
"81",4,10190000,10340000,1
"82",4,10340000,10550000,1
"83",4,10550000,10730000,1
"84",4,10730000,10900000,1
"85",4,10900000,11040000,1
"86",4,11040000,11170000,1
"87",4,11170000,11300000,1
"88",4,11300000,11430000,1
"89",4,11430000,11630000,1
"90",4,11630000,11750000,1
"91",4,11750000,11890000,1
"92",4,11890000,12010000,1
"93",4,12010000,12150000,1
"94",4,12150000,12290000,1
"95",4,12290000,12410000,1
"96",4,12410000,12550000,1
"97",4,12550000,12670000,1
"98",4,12670000,12750000,1
"99",4,12750000,12890000,1
"100",4,12890000,13020000,1
"101",4,13020000,13170000,1
"102",4,13170000,13320000,1
"103",4,13320000,13440000,1
"104",4,13440000,13570000,1
"105",4,13570000,13660000,1
"106",4,13660000,13800000,1
"107",4,13800000,13890000,1
"108",4,13890000,13970000,1
"109",4,13970000,14120000,1
"110",4,14120000,14240000,1
"111",4,14240000,14340000,1
"112",4,14340000,14480000,1
"113",4,14480000,14590000,1
"114",4,14590000,14730000,1
"115",4,14730000,14840000,1
"116",4,14840000,15000000,1
"117",4,15000000,15170000,1
"118",4,15170000,15240000,1
"119",4,15240000,15460000,1
"120",4,15490000,15650000,1
"121",4,15650000,15810000,1
"122",4,15810000,15960000,1
"123",4,15960000,16030000,1
"124",4,16040000,16290000,1
"125",4,16290000,16430000,1
"126",4,16430000,16510000,1
"127",4,16510000,16590000,1
"128",4,16590000,16660000,1
"129",4,16660000,16750000,1
"130",4,16750000,16900000,1
"131",4,16900000,17020000,1
"132",4,17020000,17160000,1
"133",4,17160000,17300000,1
"134",4,17300000,17470000,1
"135",4,17470000,17520000,1
"136",4,17520000,17640000,1
"137",4,17640000,17810000,1
"138",4,17810000,17910000,1
"139",4,17910000,18030000,1
"140",4,18030000,18150000,1
"141",4,18150000,18230000,1
"142",4,18230000,18310000,1
"143",4,18310000,18410000,1
"144",4,18410000,18540000,1
"145",4,18540000,18670000,1
"146",4,18670000,18810000,1
"147",4,18810000,18940000,1
"148",4,18940000,19080000,1
"149",4,19080000,19230000,1
"150",4,19230000,19340000,1
"151",4,19340000,19480000,1
"152",4,19480000,19600000,1
"153",4,19600000,19730000,1
"154",4,19730000,19850000,1
"155",4,19850000,19950000,1
"156",4,19950000,20080000,1
"157",4,20080000,20250000,1
"158",4,20250000,20420000,1
"159",4,20420000,20550000,1
"160",4,20550000,20700000,1
"161",4,20700000,20770000,1
"162",4,20770000,20920000,1
"163",4,20920000,21060000,1
"164",4,21060000,21160000,1
"165",4,21160000,21290000,1
"166",4,21290000,21480000,1
"167",4,21510000,21650000,1
"168",4,21650000,21770000,1
"169",4,21800000,21910000,1
"170",4,21910000,22050000,1
"171",4,22050000,22170000,1
"172",4,22170000,22370000,1
"173",4,22370000,22430000,1
"174",4,22430000,22520000,1
"175",4,22520000,22700000,1
"176",4,22700000,22830000,1
"177",4,22830000,22950000,1
"178",4,22950000,23110000,1
"179",4,23110000,23230000,1
"180",4,23230000,23390000,1
"181",4,23390000,23540000,1
"182",4,23540000,23700000,1
"183",4,23700000,23820000,1
"184",4,23820000,23940000,1
"185",4,23940000,24090000,1
"186",4,24090000,24210000,1
"187",4,24210000,24420000,1
"188",4,24420000,24470000,1
"189",4,24500000,24590000,1
"190",4,24590000,24660000,1
"191",4,24660000,24790000,1
"192",4,24790000,24920000,1
"193",4,24920000,25020000,1
"194",4,25020000,25150000,1
"195",4,25150000,25310000,1
"196",4,25310000,25420000,1
"197",4,25420000,25550000,1
"198",4,25550000,25680000,1
"199",4,25680000,25770000,1
"200",4,25770000,25920000,1
"201",4,25920000,25990000,1
"202",4,25990000,26080000,1
"203",4,26080000,26210000,1
"204",4,26210000,26320000,1
"205",4,26320000,26430000,1
"206",4,26430000,26590000,1
"207",4,26590000,26720000,1
"208",4,26720000,26860000,1
"209",4,26860000,27010000,1
"210",4,27050000,27150000,1
"211",4,27150000,27320000,1
"212",4,27320000,27460000,1
"213",4,27460000,27640000,1
"214",4,27640000,27710000,1
"215",4,27710000,27850000,1
"216",4,27850000,27980000,1
"217",4,27980000,28090000,1
"218",4,28090000,28160000,1
"219",4,28160000,28220000,1
"220",4,28220000,28330000,1
"221",4,28330000,28440000,1
"222",4,28440000,28560000,1
"223",4,28560000,28690000,1
"224",4,28690000,28840000,1
"225",4,28840000,28960000,1
"226",4,28960000,29080000,1
"227",4,29080000,29240000,1
"228",4,29240000,29390000,1
"229",4,29390000,29490000,1
"230",4,29490000,29640000,1
"231",4,29640000,29770000,1
"232",4,29770000,29900000,1
"233",4,29900000,30050000,1
"234",4,30050000,30170000,1
"235",4,30170000,30270000,1
"236",4,30270000,30410000,1
"237",4,30410000,30540000,1
"238",4,30540000,30720000,1
"239",4,30720000,30870000,1
"240",4,30870000,31030000,1
"241",4,31030000,31170000,1
"242",4,31170000,31320000,1
"243",4,31320000,31440000,1
"244",4,31440000,31560000,1
"245",4,31560000,31660000,1
"246",4,31660000,31820000,1
"247",4,31830000,31960000,1
"248",4,31960000,32100000,1
"249",4,32100000,32240000,1
"250",4,32240000,32380000,1
"251",4,32380000,32530000,1
"252",4,32530000,32660000,1
"253",4,32660000,32790000,1
"254",4,32790000,32900000,1
"255",4,32900000,33040000,1
"256",4,33040000,33180000,1
"257",4,33180000,33280000,1
"258",4,33280000,33410000,1
"259",4,33410000,33550000,1
"260",4,33550000,33660000,1
"261",4,33660000,33780000,1
"262",4,33780000,33930000,1
"263",4,33930000,34050000,1
"264",4,34050000,34180000,1
"265",4,34180000,34300000,1
"266",4,34300000,34450000,1
"267",4,34450000,34590000,1
"268",4,34590000,34720000,1
"269",4,34720000,34870000,1
"270",4,34870000,35000000,1
"271",4,35000000,35140000,1
"272",4,35140000,35290000,1
"273",4,35290000,35380000,1
"274",4,35380000,35450000,1
"275",4,35450000,35570000,1
"276",4,35570000,35710000,1
"277",4,35710000,35850000,1
"278",4,35850000,35960000,1
"279",4,35960000,36110000,1
"280",4,36110000,36220000,1
"281",4,36220000,36410000,1
"282",4,36410000,36550000,1
"283",4,36550000,36670000,1
"284",4,36670000,36810000,1
"285",4,36810000,36940000,1
"286",4,36940000,37070000,1
"287",4,37070000,37170000,1
"288",4,37170000,37250000,1
"289",4,37250000,37390000,1
"290",4,37390000,37600000,1
"291",4,37600000,37800000,1
"292",4,37810000,38060000,1
"293",4,38060000,38180000,1
"294",4,38180000,38320000,1
"295",4,38320000,38480000,1
"296",4,38480000,38680000,1
"297",4,38680000,38760000,1
"298",4,38760000,38900000,1
"299",4,38900000,39030000,1
"300",4,39030000,39140000,1
"301",4,39140000,39290000,1
"302",4,39290000,39460000,1
"303",4,39460000,39640000,1
"304",4,39640000,39700000,1
"305",4,39700000,39810000,1
"306",4,39810000,39980000,1
"307",4,39980000,40060000,1
"308",4,40060000,40150000,1
"309",4,40150000,40320000,1
"310",4,40320000,40460000,1
"311",4,40460000,40550000,1
"312",4,40550000,40630000,1
"313",4,40630000,40730000,1
"314",4,40730000,40900000,1
"315",4,40900000,40980000,1
"316",4,40980000,41100000,1
"317",4,41100000,41220000,1
"318",4,41220000,41280000,1
"319",4,41280000,41360000,1
"320",4,41360000,41480000,1
"321",4,41480000,41670000,1
"322",4,41710000,41880000,1
"323",4,41880000,42000000,1
"324",4,42000000,42110000,1
"325",4,42110000,42280000,1
"326",4,42280000,42370000,1
"327",4,42370000,42520000,1
"328",4,42520000,42570000,1
"329",4,42570000,42730000,1
"330",4,42730000,42870000,1
"331",4,42870000,42990000,1
"332",4,42990000,43130000,1
"333",4,43130000,43270000,1
"334",4,43270000,43400000,1
"335",4,43400000,43490000,1
"336",4,43490000,43620000,1
"337",4,43620000,43750000,1
"338",4,43750000,43860000,1
"339",4,43860000,44010000,1
"340",4,44010000,44150000,1
"341",4,44150000,44250000,1
"342",4,44250000,44400000,1
"343",4,44400000,44520000,1
"344",4,44520000,44660000,1
"345",4,44660000,44730000,1
"346",4,44730000,44880000,1
"347",4,44880000,44980000,1
"348",4,44980000,45110000,1
"349",4,45110000,45250000,1
"350",4,45250000,45440000,1
"351",4,45440000,45560000,1
"352",4,45560000,45720000,1
"353",4,45720000,45840000,1
"354",4,45840000,45960000,1
"355",4,45960000,46090000,1
"356",4,46090000,46270000,1
"357",4,46270000,46410000,1
"358",4,46410000,46540000,1
"359",4,46540000,46680000,1
"360",4,46680000,46850000,1
"361",4,46850000,46940000,1
"362",4,46940000,47040000,1
"363",4,47040000,47150000,1
"364",4,47150000,47270000,1
"365",4,47270000,47400000,1
"366",4,47400000,47580000,1
"367",4,47580000,47690000,1
"368",4,47690000,47840000,1
"369",4,47840000,47940000,1
"370",4,47940000,48110000,1
"371",4,48110000,48310000,1
"372",4,48310000,48440000,1
"373",4,48440000,48580000,1
"374",4,48580000,48780000,1
"375",4,48780000,48970000,1
"376",4,48970000,49040000,1
"377",4,49040000,49110000,1
"378",4,49140000,49250000,1
"379",4,49490000,49580000,1
"380",4,52670000,52780000,1
"381",4,52780000,52930000,1
"382",4,52930000,53060000,1
"383",4,53060000,53210000,1
"384",4,53210000,53390000,1
"385",4,53390000,53580000,1
"386",4,53580000,53730000,1
"387",4,53730000,53870000,1
"388",4,53870000,54040000,1
"389",4,54040000,54200000,1
"390",4,54200000,54350000,1
"391",4,54350000,54490000,1
"392",4,54490000,54570000,1
"393",4,54570000,54770000,1
"394",4,54810000,54870000,1
"395",4,54870000,54930000,1
"396",4,54930000,55100000,1
"397",4,55100000,55190000,1
"398",4,55190000,55330000,1
"399",4,55330000,55470000,1
"400",4,55470000,55570000,1
"401",4,55570000,55690000,1
"402",4,55690000,55830000,1
"403",4,55830000,55960000,1
"404",4,55960000,56190000,1
"405",4,56190000,56310000,1
"406",4,56310000,56410000,1
"407",4,56410000,56500000,1
"408",4,56500000,56610000,1
"409",4,56610000,56740000,1
"410",4,56740000,56820000,1
"411",4,56820000,56910000,1
"412",4,56910000,57020000,1
"413",4,57020000,57170000,1
"414",4,57170000,57250000,1
"415",4,57250000,57410000,1
"416",4,57410000,57530000,1
"417",4,57530000,57660000,1
"418",4,57660000,57770000,1
"419",4,57770000,57890000,1
"420",4,57890000,58030000,1
"421",4,58030000,58150000,1
"422",4,58150000,58310000,1
"423",4,58310000,58450000,1
"424",4,58450000,58580000,1
"425",4,58580000,58700000,1
"426",4,58700000,58830000,1
"427",4,58830000,58950000,1
"428",4,58950000,59100000,1
"429",4,59100000,59210000,1
"430",4,59210000,59320000,1
"431",4,59320000,59470000,1
"432",4,59470000,59590000,1
"433",4,59590000,59710000,1
"434",4,59780000,59850000,1
"435",4,59850000,60000000,1
"436",4,60000000,60090000,1
"437",4,60090000,60220000,1
"438",4,60220000,60370000,1
"439",4,60370000,60520000,1
"440",4,60520000,60680000,1
"441",4,60680000,60810000,1
"442",4,60810000,60910000,1
"443",4,60910000,61070000,1
"444",4,61070000,61190000,1
"445",4,61190000,61330000,1
"446",4,61330000,61480000,1
"447",4,61480000,61640000,1
"448",4,61640000,61780000,1
"449",4,61780000,61920000,1
"450",4,61920000,62050000,1
"451",4,62050000,62180000,1
"452",4,62180000,62260000,1
"453",4,62260000,62410000,1
"454",4,62410000,62570000,1
"455",4,62570000,62670000,1
"456",4,62670000,62810000,1
"457",4,62810000,62920000,1
"458",4,62920000,63080000,1
"459",4,63080000,63200000,1
"460",4,63200000,63320000,1
"461",4,63320000,63450000,1
"462",4,63450000,63580000,1
"463",4,63580000,63690000,1
"464",4,63690000,63810000,1
"465",4,63810000,63930000,1
"466",4,63930000,64070000,1
"467",4,64070000,64180000,1
"468",4,64180000,64310000,1
"469",4,64310000,64450000,1
"470",4,64450000,64580000,1
"471",4,64580000,64710000,1
"472",4,64710000,64860000,1
"473",4,64860000,65000000,1
"474",4,65000000,65100000,1
"475",4,65100000,65170000,1
"476",4,65170000,65270000,1
"477",4,65270000,65420000,1
"478",4,65420000,65470000,1
"479",4,65470000,65630000,1
"480",4,65630000,65760000,1
"481",4,65760000,65870000,1
"482",4,65870000,66010000,1
"483",4,66010000,66150000,1
"484",4,66150000,66280000,1
"485",4,66280000,66420000,1
"486",4,66420000,66550000,1
"487",4,66550000,66710000,1
"488",4,66710000,66830000,1
"489",4,66830000,67010000,1
"490",4,67010000,67120000,1
"491",4,67120000,67260000,1
"492",4,67260000,67360000,1
"493",4,67360000,67520000,1
"494",4,67520000,67640000,1
"495",4,67640000,67740000,1
"496",4,67740000,67880000,1
"497",4,67880000,67990000,1
"498",4,67990000,68150000,1
"499",4,68150000,68270000,1
"500",4,68270000,68410000,1
"501",4,68410000,68570000,1
"502",4,68570000,68730000,1
"503",4,68730000,68850000,1
"504",4,68850000,69040000,1
"505",4,69040000,69130000,1
"506",4,69130000,69240000,1
"507",4,69250000,69370000,1
"508",4,69370000,69490000,1
"509",4,69490000,69650000,1
"510",4,69650000,69780000,1
"511",4,69780000,69900000,1
"512",4,69900000,70040000,1
"513",4,70040000,70140000,1
"514",4,70140000,70230000,1
"515",4,70230000,70340000,1
"516",4,70340000,70550000,1
"517",4,70550000,70750000,1
"518",4,70750000,70880000,1
"519",4,70880000,71050000,1
"520",4,71050000,71180000,1
"521",4,71180000,71370000,1
"522",4,71370000,71450000,1
"523",4,71450000,71570000,1
"524",4,71570000,71700000,1
"525",4,71700000,71870000,1
"526",4,71870000,71920000,1
"527",4,71920000,72040000,1
"528",4,72040000,72150000,1
"529",4,72150000,72310000,1
"530",4,72310000,72440000,1
"531",4,72440000,72580000,1
"532",4,72580000,72690000,1
"533",4,72690000,72830000,1
"534",4,72830000,72970000,1
"535",4,72970000,73150000,1
"536",4,73150000,73340000,1
"537",4,73350000,73570000,1
"538",4,73570000,73710000,1
"539",4,73710000,73890000,1
"540",4,73890000,73940000,1
"541",4,73940000,74130000,1
"542",4,74130000,74190000,1
"543",4,74190000,74330000,1
"544",4,74330000,74530000,1
"545",4,74530000,74640000,1
"546",4,74640000,74780000,1
"547",4,74780000,74900000,1
"548",4,74900000,75030000,1
"549",4,75030000,75180000,1
"550",4,75180000,75300000,1
"551",4,75310000,75390000,1
"552",4,75390000,75480000,1
"553",4,75480000,75600000,1
"554",4,75600000,75720000,1
"555",4,75720000,75800000,1
"556",4,75800000,75870000,1
"557",4,75870000,75960000,1
"558",4,75960000,76100000,1
"559",4,76100000,76240000,1
"560",4,76240000,76400000,1
"561",4,76400000,76500000,1
"562",4,76500000,76650000,1
"563",4,76650000,76780000,1
"564",4,76780000,76910000,1
"565",4,76910000,77070000,1
"566",4,77070000,77230000,1
"567",4,77230000,77430000,1
"568",4,77430000,77510000,1
"569",4,77510000,77680000,1
"570",4,77680000,77820000,1
"571",4,77820000,77970000,1
"572",4,77970000,78130000,1
"573",4,78130000,78280000,1
"574",4,78290000,78620000,1
"575",4,78620000,78740000,1
"576",4,78740000,78880000,1
"577",4,78880000,78980000,1
"578",4,78980000,79060000,1
"579",4,79060000,79140000,1
"580",4,79140000,79250000,1
"581",4,79250000,79430000,1
"582",4,79430000,79530000,1
"583",4,79530000,79700000,1
"584",4,79700000,79860000,1
"585",4,79860000,79980000,1
"586",4,79980000,80090000,1
"587",4,80090000,80220000,1
"588",4,80220000,80370000,1
"589",4,80370000,80490000,1
"590",4,80490000,80630000,1
"591",4,80630000,80770000,1
"592",4,80770000,80860000,1
"593",4,80860000,80920000,1
"594",4,80920000,80980000,1
"595",4,80980000,81110000,1
"596",4,81110000,81260000,1
"597",4,81300000,81390000,1
"598",4,81390000,81530000,1
"599",4,81530000,81650000,1
"600",4,81650000,81770000,1
"601",4,81770000,81980000,1
"602",4,82020000,82140000,1
"603",4,82140000,82270000,1
"604",4,82270000,82390000,1
"605",4,82390000,82500000,1
"606",4,82500000,82600000,1
"607",4,82600000,82770000,1
"608",4,82770000,82870000,1
"609",4,82870000,83000000,1
"610",4,83000000,83190000,1
"611",4,83190000,83360000,1
"612",4,83360000,83510000,1
"613",4,83510000,83630000,1
"614",4,83630000,83730000,1
"615",4,83730000,83820000,1
"616",4,83820000,83930000,1
"617",4,83940000,84200000,1
"618",4,84200000,84380000,1
"619",4,84380000,84570000,1
"620",4,84570000,84700000,1
"621",4,84700000,84860000,1
"622",4,84860000,85000000,1
"623",4,85000000,85110000,1
"624",4,85110000,85220000,1
"625",4,85220000,85420000,1
"626",4,85420000,85500000,1
"627",4,85500000,85670000,1
"628",4,85670000,85890000,1
"629",4,85890000,86010000,1
"630",4,86010000,86070000,1
"631",4,86070000,86220000,1
"632",4,86220000,86290000,1
"633",4,86290000,86370000,1
"634",4,86370000,86530000,1
"635",4,86530000,86670000,1
"636",4,86670000,86750000,1
"637",4,86750000,86870000,1
"638",4,86870000,86970000,1
"639",4,86970000,87070000,1
"640",4,87070000,87210000,1
"641",4,87210000,87420000,1
"642",4,87420000,87520000,1
"643",4,87520000,87640000,1
"644",4,87640000,87820000,1
"645",4,87830000,88160000,1
"646",4,88160000,88270000,1
"647",4,88270000,88390000,1
"648",4,88390000,88460000,1
"649",4,88460000,88600000,1
"650",4,88600000,88770000,1
"651",4,88770000,88930000,1
"652",4,88930000,89140000,1
"653",4,89140000,89300000,1
"654",4,89300000,89440000,1
"655",4,89440000,89590000,1
"656",4,89590000,89740000,1
"657",4,89750000,90040000,1
"658",4,90040000,90150000,1
"659",4,90150000,90360000,1
"660",4,90360000,90520000,1
"661",4,90520000,90580000,1
"662",4,90580000,90760000,1
"663",4,90760000,90830000,1
"664",4,90830000,90950000,1
"665",4,90950000,91050000,1
"666",4,91050000,91210000,1
"667",4,91210000,91340000,1
"668",4,91370000,91470000,1
"669",4,91470000,91560000,1
"670",4,91560000,91650000,1
"671",4,91650000,91760000,1
"672",4,91760000,91870000,1
"673",4,91870000,92030000,1
"674",4,92030000,92180000,1
"675",4,92180000,92300000,1
"676",4,92300000,92410000,1
"677",4,92410000,92530000,1
"678",4,92530000,92650000,1
"679",4,92650000,92780000,1
"680",4,92780000,92900000,1
"681",4,92900000,93040000,1
"682",4,93040000,93230000,1
"683",4,93230000,93350000,1
"684",4,93350000,93480000,1
"685",4,93480000,93630000,1
"686",4,93630000,93760000,1
"687",4,93760000,93890000,1
"688",4,93890000,93980000,1
"689",4,93980000,94070000,1
"690",4,94070000,94170000,1
"691",4,94170000,94320000,1
"692",4,94320000,94420000,1
"693",4,94420000,94570000,1
"694",4,94570000,94700000,1
"695",4,94700000,94830000,1
"696",4,94830000,94960000,1
"697",4,94960000,95050000,1
"698",4,95050000,95200000,1
"699",4,95200000,95330000,1
"700",4,95330000,95520000,1
"701",4,95520000,95680000,1
"702",4,95680000,95800000,1
"703",4,95800000,96010000,1
"704",4,96010000,96080000,1
"705",4,96080000,96190000,1
"706",4,96190000,96330000,1
"707",4,96330000,96430000,1
"708",4,96430000,96580000,1
"709",4,96580000,96720000,1
"710",4,96720000,96830000,1
"711",4,96830000,96970000,1
"712",4,96970000,97110000,1
"713",4,97110000,97280000,1
"714",4,97280000,97430000,1
"715",4,97430000,97570000,1
"716",4,97570000,97720000,1
"717",4,97720000,97860000,1
"718",4,97860000,97980000,1
"719",4,97980000,98100000,1
"720",4,98100000,98240000,1
"721",4,98240000,98350000,1
"722",4,98350000,98470000,1
"723",4,98470000,98640000,1
"724",4,98640000,98770000,1
"725",4,98770000,98900000,1
"726",4,98900000,99070000,1
"727",4,99070000,99180000,1
"728",4,99180000,99370000,1
"729",4,99640000,100010000,1
"730",4,100010000,100120000,1
"731",4,100120000,100280000,1
"732",4,100280000,100380000,1
"733",4,100380000,100480000,1
"734",4,100490000,100870000,1
"735",4,100870000,101020000,1
"736",4,101020000,101130000,1
"737",4,101130000,101210000,1
"738",4,101210000,101340000,1
"739",4,101340000,101460000,1
"740",4,101460000,101580000,1
"741",4,101580000,101670000,1
"742",4,101670000,101830000,1
"743",4,101830000,101930000,1
"744",4,101930000,102080000,1
"745",4,102080000,102270000,1
"746",4,102270000,102390000,1
"747",4,102390000,102530000,1
"748",4,102530000,102650000,1
"749",4,102650000,102750000,1
"750",4,102750000,102870000,1
"751",4,102870000,102980000,1
"752",4,102980000,103120000,1
"753",4,103120000,103230000,1
"754",4,103230000,103360000,1
"755",4,103360000,103540000,1
"756",4,103540000,103710000,1
"757",4,103710000,103800000,1
"758",4,103800000,103930000,1
"759",4,103930000,104020000,1
"760",4,104020000,104120000,1
"761",4,104130000,104240000,1
"762",4,104240000,104310000,1
"763",4,104310000,104460000,1
"764",4,104460000,104560000,1
"765",4,104560000,104700000,1
"766",4,104700000,104840000,1
"767",4,104840000,104920000,1
"768",4,104920000,104990000,1
"769",4,104990000,105070000,1
"770",4,105070000,105160000,1
"771",4,105160000,105230000,1
"772",4,105230000,105360000,1
"773",4,105360000,105460000,1
"774",4,105460000,105530000,1
"775",4,105530000,105610000,1
"776",4,105610000,105780000,1
"777",4,105820000,105890000,1
"778",4,105890000,105970000,1
"779",4,105970000,106070000,1
"780",4,106070000,106150000,1
"781",4,106150000,106280000,1
"782",4,106280000,106400000,1
"783",4,106440000,106600000,1
"784",4,106600000,106720000,1
"785",4,106720000,106820000,1
"786",4,106820000,106980000,1
"787",4,106980000,107140000,1
"788",4,107140000,107270000,1
"789",4,107270000,107430000,1
"790",4,107430000,107590000,1
"791",4,107590000,107730000,1
"792",4,107730000,107830000,1
"793",4,107830000,107960000,1
"794",4,107960000,108110000,1
"795",4,108110000,108280000,1
"796",4,108280000,108440000,1
"797",4,108440000,108600000,1
"798",4,108600000,108670000,1
"799",4,108670000,108850000,1
"800",4,108850000,108930000,1
"801",4,108930000,109090000,1
"802",4,109090000,109230000,1
"803",4,109230000,109350000,1
"804",4,109350000,109500000,1
"805",4,109500000,109600000,1
"806",4,109600000,109750000,1
"807",4,109750000,109880000,1
"808",4,109880000,110000000,1
"809",4,110000000,110090000,1
"810",4,110090000,110170000,1
"811",4,110170000,110230000,1
"812",4,110230000,110350000,1
"813",4,110350000,110480000,1
"814",4,110480000,110610000,1
"815",4,110610000,110750000,1
"816",4,110750000,110910000,1
"817",4,110910000,110970000,1
"818",4,110970000,111120000,1
"819",4,111120000,111240000,1
"820",4,111240000,111430000,1
"821",4,111430000,111550000,1
"822",4,111560000,111650000,1
"823",4,111650000,111720000,1
"824",4,111720000,111890000,1
"825",4,111890000,112020000,1
"826",4,112020000,112210000,1
"827",4,112210000,112330000,1
"828",4,112330000,112540000,1
"829",4,112540000,112590000,1
"830",4,112590000,112720000,1
"831",4,112720000,112840000,1
"832",4,112840000,112990000,1
"833",4,112990000,113160000,1
"834",4,113160000,113250000,1
"835",4,113250000,113440000,1
"836",4,113440000,113550000,1
"837",4,113550000,113690000,1
"838",4,113690000,113870000,1
"839",4,113870000,114020000,1
"840",4,114020000,114170000,1
"841",4,114170000,114310000,1
"842",4,114310000,114470000,1
"843",4,114470000,114680000,1
"844",4,114680000,114820000,1
"845",4,114820000,115000000,1
"846",4,115000000,115120000,1
"847",4,115120000,115300000,1
"848",4,115300000,115430000,1
"849",4,115430000,115620000,1
"850",4,115620000,115750000,1
"851",4,115750000,115870000,1
"852",4,115870000,116020000,1
"853",4,116020000,116160000,1
"854",4,116160000,116290000,1
"855",4,116290000,116460000,1
"856",4,116460000,116590000,1
"857",4,116590000,116740000,1
"858",4,116740000,116870000,1
"859",4,116870000,116970000,1
"860",4,116970000,117090000,1
"861",4,117090000,117220000,1
"862",4,117220000,117360000,1
"863",4,117360000,117480000,1
"864",4,117480000,117600000,1
"865",4,117600000,117730000,1
"866",4,117730000,117870000,1
"867",4,117870000,118060000,1
"868",4,118060000,118200000,1
"869",4,118200000,118320000,1
"870",4,118320000,118490000,1
"871",4,118490000,118640000,1
"872",4,118640000,118780000,1
"873",4,118780000,118940000,1
"874",4,118970000,119130000,1
"875",4,119130000,119200000,1
"876",4,119200000,119340000,1
"877",4,119340000,119440000,1
"878",4,119440000,119590000,1
"879",4,119590000,119690000,1
"880",4,119690000,119810000,1
"881",4,119810000,119900000,1
"882",4,119910000,120220000,1
"883",4,120220000,120380000,1
"884",4,120380000,120460000,1
"885",4,120460000,120550000,1
"886",4,120550000,120710000,1
"887",4,120710000,120840000,1
"888",4,120840000,120990000,1
"889",4,120990000,121070000,1
"890",4,121070000,121220000,1
"891",4,121220000,121380000,1
"892",4,121380000,121520000,1
"893",4,121520000,121610000,1
"894",4,121610000,121760000,1
"895",4,121760000,121840000,1
"896",4,121840000,122020000,1
"897",4,122020000,122110000,1
"898",4,122110000,122250000,1
"899",4,122250000,122380000,1
"900",4,122380000,122580000,1
"901",4,122580000,122740000,1
"902",4,122740000,122810000,1
"903",4,122810000,122930000,1
"904",4,122930000,123080000,1
"905",4,123080000,123230000,1
"906",4,123230000,123340000,1
"907",4,123340000,123500000,1
"908",4,123500000,123670000,1
"909",4,123670000,123850000,1
"910",4,123850000,124020000,1
"911",4,124020000,124160000,1
"912",4,124160000,124320000,1
"913",4,124320000,124480000,1
"914",4,124480000,124590000,1
"915",4,124590000,124700000,1
"916",4,124700000,124860000,1
"917",4,124860000,125030000,1
"918",4,125030000,125190000,1
"919",4,125190000,125260000,1
"920",4,125260000,125400000,1
"921",4,125400000,125550000,1
"922",4,125550000,125640000,1
"923",4,125640000,125780000,1
"924",4,125780000,125870000,1
"925",4,125870000,126030000,1
"926",4,126030000,126230000,1
"927",4,126230000,126360000,1
"928",4,126360000,126450000,1
"929",4,126450000,126580000,1
"930",4,126580000,126680000,1
"931",4,126680000,126810000,1
"932",4,126810000,126940000,1
"933",4,126940000,127110000,1
"934",4,127110000,127250000,1
"935",4,127250000,127390000,1
"936",4,127390000,127540000,1
"937",4,127540000,127660000,1
"938",4,127660000,127780000,1
"939",4,127780000,127910000,1
"940",4,127910000,128050000,1
"941",4,128050000,128190000,1
"942",4,128190000,128320000,1
"943",4,128320000,128520000,1
"944",4,128520000,128710000,1
"945",4,128710000,128820000,1
"946",4,128820000,128890000,1
"947",4,128890000,128980000,1
"948",4,128980000,129090000,1
"949",4,129090000,129140000,1
"950",4,129140000,129210000,1
"951",4,129210000,129360000,1
"952",4,129360000,129490000,1
"953",4,129490000,129620000,1
"954",4,129620000,129730000,1
"955",4,129730000,129790000,1
"956",4,129790000,129920000,1
"957",4,129920000,130040000,1
"958",4,130040000,130190000,1
"959",4,130190000,130280000,1
"960",4,130280000,130440000,1
"961",4,130440000,130580000,1
"962",4,130580000,130680000,1
"963",4,130680000,130760000,1
"964",4,130760000,130870000,1
"965",4,130870000,131000000,1
"966",4,131000000,131160000,1
"967",4,131160000,131280000,1
"968",4,131280000,131420000,1
"969",4,131420000,131480000,1
"970",4,131480000,131580000,1
"971",4,131580000,131710000,1
"972",4,131710000,131850000,1
"973",4,131850000,132010000,1
"974",4,132010000,132120000,1
"975",4,132120000,132250000,1
"976",4,132250000,132390000,1
"977",4,132390000,132530000,1
"978",4,132530000,132600000,1
"979",4,132600000,132680000,1
"980",4,132680000,132810000,1
"981",4,132810000,132950000,1
"982",4,132950000,133100000,1
"983",4,133100000,133250000,1
"984",4,133250000,133360000,1
"985",4,133360000,133480000,1
"986",4,133480000,133610000,1
"987",4,133610000,133780000,1
"988",4,133780000,133870000,1
"989",4,133870000,134070000,1
"990",4,134070000,134220000,1
"991",4,134220000,134350000,1
"992",4,134350000,134480000,1
"993",4,134480000,134600000,1
"994",4,134600000,134740000,1
"995",4,134740000,134860000,1
"996",4,134860000,134960000,1
"997",4,134960000,135120000,1
"998",4,135120000,135270000,1
"999",4,135270000,135390000,1
"1000",4,135390000,135510000,1
"1001",4,135510000,135660000,1
"1002",4,135660000,135820000,1
"1003",4,135820000,135900000,1
"1004",4,135900000,135970000,1
"1005",4,135970000,136110000,1
"1006",4,136120000,136340000,1
"1007",4,136340000,136490000,1
"1008",4,136490000,136640000,1
"1009",4,136640000,136790000,1
"1010",4,136790000,136940000,1
"1011",4,136940000,137080000,1
"1012",4,137080000,137190000,1
"1013",4,137190000,137270000,1
"1014",4,137270000,137350000,1
"1015",4,137350000,137480000,1
"1016",4,137480000,137590000,1
"1017",4,137590000,137790000,1
"1018",4,137790000,137950000,1
"1019",4,137950000,138040000,1
"1020",4,138040000,138150000,1
"1021",4,138150000,138210000,1
"1022",4,138210000,138290000,1
"1023",4,138290000,138430000,1
"1024",4,138430000,138530000,1
"1025",4,138530000,138650000,1
"1026",4,138650000,138790000,1
"1027",4,138790000,138950000,1
"1028",4,138950000,139090000,1
"1029",4,139090000,139230000,1
"1030",4,139230000,139380000,1
"1031",4,139380000,139500000,1
"1032",4,139500000,139610000,1
"1033",4,139610000,139750000,1
"1034",4,139750000,139870000,1
"1035",4,139870000,139940000,1
"1036",4,139940000,140010000,1
"1037",4,140010000,140100000,1
"1038",4,140100000,140220000,1
"1039",4,140220000,140320000,1
"1040",4,140320000,140470000,1
"1041",4,140470000,140580000,1
"1042",4,140580000,140670000,1
"1043",4,140670000,140780000,1
"1044",4,140780000,140940000,1
"1045",4,140940000,141070000,1
"1046",4,141070000,141170000,1
"1047",4,141170000,141290000,1
"1048",4,141290000,141450000,1
"1049",4,141450000,141530000,1
"1050",4,141530000,141680000,1
"1051",4,141680000,141780000,1
"1052",4,141780000,141920000,1
"1053",4,141920000,142050000,1
"1054",4,142050000,142230000,1
"1055",4,142230000,142310000,1
"1056",4,142310000,142380000,1
"1057",4,142380000,142550000,1
"1058",4,142550000,142650000,1
"1059",4,142650000,142790000,1
"1060",4,142790000,142920000,1
"1061",4,142920000,143050000,1
"1062",4,143050000,143170000,1
"1063",4,143170000,143270000,1
"1064",4,143270000,143400000,1
"1065",4,143400000,143470000,1
"1066",4,143470000,143530000,1
"1067",4,143530000,143610000,1
"1068",4,143610000,143770000,1
"1069",4,143770000,143890000,1
"1070",4,143890000,144100000,1
"1071",4,144130000,144260000,1
"1072",4,144260000,144440000,1
"1073",4,144480000,144630000,1
"1074",4,144630000,144710000,1
"1075",4,144710000,144840000,1
"1076",4,144840000,144970000,1
"1077",4,144970000,145070000,1
"1078",4,145070000,145180000,1
"1079",4,145180000,145320000,1
"1080",4,145320000,145460000,1
"1081",4,145460000,145610000,1
"1082",4,145610000,145680000,1
"1083",4,145680000,145800000,1
"1084",4,145800000,145940000,1
"1085",4,145940000,146100000,1
"1086",4,146100000,146170000,1
"1087",4,146170000,146350000,1
"1088",4,146350000,146530000,1
"1089",4,146530000,146640000,1
"1090",4,146650000,146860000,1
"1091",4,146860000,146990000,1
"1092",4,146990000,147160000,1
"1093",4,147160000,147270000,1
"1094",4,147270000,147450000,1
"1095",4,147450000,147580000,1
"1096",4,147580000,147730000,1
"1097",4,147730000,147840000,1
"1098",4,147840000,147920000,1
"1099",4,147920000,148030000,1
"1100",4,148030000,148140000,1
"1101",4,148140000,148280000,1
"1102",4,148280000,148410000,1
"1103",4,148410000,148520000,1
"1104",4,148520000,148630000,1
"1105",4,148630000,148790000,1
"1106",4,148790000,148900000,1
"1107",4,148900000,149010000,1
"1108",4,149010000,149160000,1
"1109",4,149160000,149290000,1
"1110",4,149290000,149370000,1
"1111",4,149370000,149480000,1
"1112",4,149480000,149640000,1
"1113",4,149640000,149790000,1
"1114",4,149790000,149920000,1
"1115",4,149920000,150050000,1
"1116",4,150050000,150190000,1
"1117",4,150190000,150290000,1
"1118",4,150290000,150470000,1
"1119",4,150470000,150600000,1
"1120",4,150600000,150820000,1
"1121",4,150820000,150920000,1
"1122",4,150920000,151020000,1
"1123",4,151020000,151130000,1
"1124",4,151130000,151220000,1
"1125",4,151220000,151340000,1
"1126",4,151340000,151470000,1
"1127",4,151470000,151590000,1
"1128",4,151590000,151790000,1
"1129",4,151790000,151940000,1
"1130",4,151940000,152030000,1
"1131",4,152040000,152150000,1
"1132",4,152150000,152280000,1
"1133",4,152290000,152570000,1
"1134",4,152570000,152690000,1
"1135",4,152690000,152810000,1
"1136",4,152810000,152960000,1
"1137",4,152960000,153090000,1
"1138",4,153090000,153230000,1
"1139",4,153230000,153330000,1
"1140",4,153340000,153670000,1
"1141",4,153670000,153770000,1
"1142",4,153770000,153860000,1
"1143",4,153860000,154050000,1
"1144",4,154050000,154250000,1
"1145",4,154250000,154390000,1
"1146",4,154390000,154500000,1
"1147",4,154500000,154680000,1
"1148",4,154710000,154810000,1
"1149",4,154810000,154940000,1
"1150",4,154940000,155000000,1
"1151",4,155000000,155090000,1
"1152",4,155090000,155240000,1
"1153",4,155240000,155420000,1
"1154",4,155420000,155560000,1
"1155",4,155560000,155730000,1
"1156",4,155730000,155880000,1
"1157",4,155880000,156010000,1
"1158",4,156010000,156130000,1
"1159",4,156130000,156300000,1
"1160",4,156300000,156420000,1
"1161",4,156420000,156580000,1
"1162",4,156580000,156710000,1
"1163",4,156710000,156880000,1
"1164",4,156880000,157030000,1
"1165",4,157030000,157140000,1
"1166",4,157140000,157290000,1
"1167",4,157290000,157390000,1
"1168",4,157390000,157500000,1
"1169",4,157500000,157700000,1
"1170",4,157700000,157890000,1
"1171",4,157890000,158060000,1
"1172",4,158060000,158140000,1
"1173",4,158140000,158280000,1
"1174",4,158280000,158420000,1
"1175",4,158420000,158530000,1
"1176",4,158530000,158640000,1
"1177",4,158640000,158770000,1
"1178",4,158770000,158900000,1
"1179",4,158900000,159090000,1
"1180",4,159090000,159180000,1
"1181",4,159180000,159310000,1
"1182",4,159310000,159420000,1
"1183",4,159420000,159570000,1
"1184",4,159570000,159650000,1
"1185",4,159650000,159780000,1
"1186",4,159780000,159920000,1
"1187",4,159920000,160100000,1
"1188",4,160100000,160240000,1
"1189",4,160240000,160380000,1
"1190",4,160380000,160520000,1
"1191",4,160520000,160690000,1
"1192",4,160690000,160870000,1
"1193",4,160870000,161000000,1
"1194",4,161000000,161130000,1
"1195",4,161130000,161270000,1
"1196",4,161270000,161380000,1
"1197",4,161380000,161500000,1
"1198",4,161500000,161620000,1
"1199",4,161620000,161740000,1
"1200",4,161740000,161870000,1
"1201",4,161870000,162020000,1
"1202",4,162020000,162140000,1
"1203",4,162140000,162270000,1
"1204",4,162270000,162450000,1
"1205",4,162450000,162580000,1
"1206",4,162580000,162710000,1
"1207",4,162710000,162860000,1
"1208",4,162860000,162970000,1
"1209",4,162970000,163090000,1
"1210",4,163090000,163220000,1
"1211",4,163220000,163410000,1
"1212",4,163410000,163540000,1
"1213",4,163540000,163650000,1
"1214",4,163650000,163800000,1
"1215",4,163800000,163950000,1
"1216",4,163990000,164090000,1
"1217",4,164090000,164270000,1
"1218",4,164270000,164390000,1
"1219",4,164390000,164470000,1
"1220",4,164470000,164600000,1
"1221",4,164600000,164720000,1
"1222",4,164720000,164870000,1
"1223",4,164870000,164960000,1
"1224",4,164960000,165060000,1
"1225",4,165060000,165180000,1
"1226",4,165180000,165310000,1
"1227",4,165310000,165460000,1
"1228",4,165460000,165660000,1
"1229",4,165660000,165740000,1
"1230",4,165740000,165850000,1
"1231",4,165850000,166030000,1
"1232",4,166040000,166400000,1
"1233",4,166400000,166460000,1
"1234",4,166460000,166580000,1
"1235",4,166580000,166720000,1
"1236",4,166720000,166790000,1
"1237",4,166800000,167030000,1
"1238",4,167030000,167090000,1
"1239",4,167090000,167190000,1
"1240",4,167190000,167320000,1
"1241",4,167320000,167490000,1
"1242",4,167490000,167650000,1
"1243",4,167650000,167770000,1
"1244",4,167770000,167940000,1
"1245",4,167940000,168070000,1
"1246",4,168070000,168220000,1
"1247",4,168220000,168330000,1
"1248",4,168330000,168480000,1
"1249",4,168480000,168600000,1
"1250",4,168600000,168740000,1
"1251",4,168740000,168870000,1
"1252",4,168870000,169080000,1
"1253",4,169080000,169230000,1
"1254",4,169230000,169400000,1
"1255",4,169400000,169510000,1
"1256",4,169510000,169630000,1
"1257",4,169630000,169840000,1
"1258",4,169840000,169930000,1
"1259",4,169930000,170040000,1
"1260",4,170040000,170200000,1
"1261",4,170200000,170360000,1
"1262",4,170360000,170510000,1
"1263",4,170510000,170690000,1
"1264",4,170690000,170770000,1
"1265",4,170770000,170950000,1
"1266",4,170950000,171060000,1
"1267",4,171060000,171180000,1
"1268",4,171180000,171290000,1
"1269",4,171290000,171410000,1
"1270",4,171410000,171540000,1
"1271",4,171540000,171660000,1
"1272",4,171660000,171800000,1
"1273",4,171800000,171930000,1
"1274",4,171930000,172100000,1
"1275",4,172100000,172220000,1
"1276",4,172220000,172320000,1
"1277",4,172320000,172460000,1
"1278",4,172460000,172610000,1
"1279",4,172610000,172740000,1
"1280",4,172740000,172880000,1
"1281",4,172880000,172990000,1
"1282",4,172990000,173130000,1
"1283",4,173130000,173280000,1
"1284",4,173280000,173410000,1
"1285",4,173410000,173550000,1
"1286",4,173550000,173710000,1
"1287",4,173710000,173760000,1
"1288",4,173760000,173880000,1
"1289",4,173880000,173940000,1
"1290",4,173940000,174090000,1
"1291",4,174090000,174180000,1
"1292",4,174180000,174340000,1
"1293",4,174340000,174450000,1
"1294",4,174450000,174570000,1
"1295",4,174570000,174700000,1
"1296",4,174700000,174850000,1
"1297",4,174850000,174930000,1
"1298",4,174930000,174990000,1
"1299",4,174990000,175050000,1
"1300",4,175050000,175140000,1
"1301",4,175140000,175260000,1
"1302",4,175300000,175440000,1
"1303",4,175440000,175550000,1
"1304",4,175550000,175670000,1
"1305",4,175670000,175790000,1
"1306",4,175790000,175940000,1
"1307",4,175940000,176050000,1
"1308",4,176050000,176180000,1
"1309",4,176180000,176340000,1
"1310",4,176340000,176460000,1
"1311",4,176460000,176580000,1
"1312",4,176580000,176710000,1
"1313",4,176710000,176850000,1
"1314",4,176850000,176980000,1
"1315",4,176980000,177070000,1
"1316",4,177070000,177270000,1
"1317",4,177270000,177320000,1
"1318",4,177320000,177430000,1
"1319",4,177430000,177560000,1
"1320",4,177560000,177710000,1
"1321",4,177710000,177850000,1
"1322",4,177850000,177990000,1
"1323",4,177990000,178170000,1
"1324",4,178170000,178280000,1
"1325",4,178280000,178470000,1
"1326",4,178470000,178600000,1
"1327",4,178600000,178730000,1
"1328",4,178730000,178870000,1
"1329",4,178870000,178980000,1
"1330",4,178980000,179110000,1
"1331",4,179110000,179270000,1
"1332",4,179270000,179410000,1
"1333",4,179410000,179510000,1
"1334",4,179510000,179640000,1
"1335",4,179640000,179770000,1
"1336",4,179770000,179880000,1
"1337",4,179880000,180000000,1
"1338",4,180000000,180120000,1
"1339",4,180120000,180250000,1
"1340",4,180250000,180390000,1
"1341",4,180390000,180540000,1
"1342",4,180540000,180660000,1
"1343",4,180660000,180780000,1
"1344",4,180780000,180950000,1
"1345",4,180950000,181060000,1
"1346",4,181060000,181170000,1
"1347",4,181170000,181310000,1
"1348",4,181310000,181400000,1
"1349",4,181400000,181590000,1
"1350",4,181590000,181730000,1
"1351",4,181730000,181890000,1
"1352",4,181890000,182030000,1
"1353",4,182030000,182160000,1
"1354",4,182160000,182280000,1
"1355",4,182280000,182460000,1
"1356",4,182460000,182520000,1
"1357",4,182520000,182620000,1
"1358",4,182620000,182740000,1
"1359",4,182740000,182870000,1
"1360",4,182870000,183060000,1
"1361",4,183060000,183230000,1
"1362",4,183230000,183370000,1
"1363",4,183370000,183500000,1
"1364",4,183500000,183650000,1
"1365",4,183650000,183740000,1
"1366",4,183740000,183850000,1
"1367",4,183850000,183990000,1
"1368",4,183990000,184180000,1
"1369",4,184180000,184340000,1
"1370",4,184340000,184430000,1
"1371",4,184430000,184580000,1
"1372",4,184580000,184760000,1
"1373",4,184770000,184910000,1
"1374",4,184910000,185090000,1
"1375",4,185090000,185180000,1
"1376",4,185180000,185310000,1
"1377",4,185310000,185460000,1
"1378",4,185460000,185570000,1
"1379",4,185570000,185660000,1
"1380",4,185660000,185750000,1
"1381",4,185750000,185910000,1
"1382",4,185910000,186060000,1
"1383",4,186060000,186130000,1
"1384",4,186130000,186320000,1
"1385",4,186320000,186390000,1
"1386",4,186390000,186530000,1
"1387",4,186530000,186650000,1
"1388",4,186650000,186760000,1
"1389",4,186760000,186950000,1
"1390",4,186950000,187120000,1
"1391",4,187120000,187220000,1
"1392",4,187220000,187370000,1
"1393",4,187370000,187510000,1
"1394",4,187510000,187650000,1
"1395",4,187650000,187830000,1
"1396",4,187830000,187970000,1
"1397",4,187970000,188110000,1
"1398",4,188110000,188220000,1
"1399",4,188220000,188370000,1
"1400",4,188370000,188520000,1
"1401",4,188520000,188660000,1
"1402",4,188660000,188780000,1
"1403",4,188780000,188910000,1
"1404",4,188910000,191010000,1
